DCode,Date,Average Price-2020,Average Price-2021,Average Price-2022,Closing Value-2020,Closing Value-2021,Closing Value-2022
D6,6/15/2022,$1.53 ,$1.55 ,$1.54 ,$1.53 ,$1.54 ,$1.53 
D5,6/15/2022,$1.73 ,$1.74 ,$1.61 ,$1.73 ,$1.74 ,$1.61 
D4,6/15/2022,$1.75 ,$1.76 ,$1.63 ,$1.75 ,$1.76 ,$1.63 
D3,6/15/2022,$3.05 ,$3.07 ,$2.75 ,$3.05 ,$3.07 ,$2.77 
D6,6/14/2022,$1.53 ,$1.55 ,$1.54 ,$1.53 ,$1.55 ,$1.54 
D5,6/14/2022,$1.75 ,$1.77 ,$1.63 ,$1.75 ,$1.77 ,$1.63 
D4,6/14/2022,$1.77 ,$1.78 ,$1.65 ,$1.77 ,$1.78 ,$1.65 
D3,6/14/2022,$3.03 ,$3.02 ,$2.74 ,$3.03 ,$3.05 ,$2.75 
D6,6/13/2022,$1.54 ,$1.52 ,$1.53 ,$1.54 ,$1.55 ,$1.54 
D5,6/13/2022,$1.75 ,$1.77 ,$1.65 ,$1.75 ,$1.77 ,$1.65 
D4,6/13/2022,$1.77 ,$1.79 ,$1.66 ,$1.77 ,$1.79 ,$1.67 
D3,6/13/2022,$3.01 ,$3.03 ,$2.72 ,$3.01 ,$3.03 ,$2.73 
D6,6/10/2022,$1.52 ,$1.54 ,$1.54 ,$1.53 ,$1.54 ,$1.53 
D5,6/10/2022,$1.75 ,$1.77 ,$1.65 ,$1.75 ,$1.77 ,$1.65 
D4,6/10/2022,$1.77 ,$1.79 ,$1.67 ,$1.77 ,$1.79 ,$1.67 
D3,6/10/2022,$3.04 ,$3.07 ,$2.76 ,$3.04 ,$3.06 ,$2.77 
D6,6/9/2022,$1.57 ,$1.58 ,$1.58 ,$1.57 ,$1.58 ,$1.57 
D5,6/9/2022,$1.80 ,$1.81 ,$1.69 ,$1.80 ,$1.81 ,$1.69 
D4,6/9/2022,$1.82 ,$1.83 ,$1.70 ,$1.82 ,$1.83 ,$1.71 
D3,6/9/2022,$3.02 ,$3.04 ,$2.87 ,$3.02 ,$3.04 ,$2.78 
D6,6/8/2022,$1.65 ,$1.68 ,$1.67 ,$1.65 ,$1.66 ,$1.65 
D5,6/8/2022,$1.87 ,$1.87 ,$1.75 ,$1.87 ,$1.87 ,$1.75 
D4,6/8/2022,$1.88 ,$1.90 ,$1.77 ,$1.88 ,$1.89 ,$1.77 
D3,6/8/2022,$3.01 ,$3.05 ,$2.84 ,$3.01 ,$3.03 ,$2.83 
D6,6/7/2022,$1.67 ,$1.68 ,$1.67 ,$1.67 ,$1.68 ,$1.67 
D5,6/7/2022,$1.89 ,$1.90 ,$1.76 ,$1.89 ,$1.90 ,$1.76 
D4,6/7/2022,$1.91 ,$1.92 ,$1.77 ,$1.91 ,$1.92 ,$1.78 
D3,6/7/2022,$3.08 ,$3.10 ,$3.03 ,$3.08 ,$3.10 ,$2.90 
D4,6/6/2022,$1.99 ,$2.01 ,$1.78 ,$1.99 ,$2.01 ,$1.77 
D3,6/6/2022,$3.13 ,$3.15 ,$3.08 ,$3.13 ,$3.15 ,$3.08 
D6,6/6/2022,$1.65 ,$1.66 ,$1.64 ,$1.65 ,$1.66 ,$1.65 
D5,6/6/2022,$1.98 ,$2.00 ,$1.75 ,$1.98 ,$2.00 ,$1.75 
D6,6/3/2022,$1.59 ,$1.60 ,$1.60 ,$1.59 ,$1.60 ,$1.60 
D5,6/3/2022,$1.98 ,$2.01 ,$1.74 ,$1.98 ,$2.01 ,$1.74 
D4,6/3/2022,$2.00 ,$2.02 ,$1.76 ,$2.00 ,$2.02 ,$1.76 
D3,6/3/2022,$3.39 ,$3.42 ,$3.18 ,$3.39 ,$3.42 ,$3.18 
D6,6/2/2022,$1.60 ,$1.60 ,$1.60 ,$1.60 ,$1.60 ,$1.60 
D5,6/2/2022,$1.97 ,$2.00 ,$1.73 ,$1.97 ,$2.00 ,$1.73 
D4,6/2/2022,$1.99 ,$2.01 ,$1.74 ,$1.99 ,$2.01 ,$1.74 
D3,6/2/2022,$3.77 ,$3.79 ,$3.64 ,$3.77 ,$3.79 ,$3.64 
D4,6/1/2022,$1.64 ,$1.90 ,$1.62 ,$1.64 ,$1.90 ,$1.63 
D6,6/1/2022,$1.45 ,$1.36 ,$1.36 ,$1.46 ,$1.36 ,$1.36 
D5,6/1/2022,$1.63 ,$1.89 ,$1.61 ,$1.63 ,$1.89 ,$1.61 
D3,6/1/2022,$3.45 ,$3.61 ,$3.46 ,$3.45 ,$3.61 ,$3.46 
D3,5/31/2022,$3.59 ,$3.61 ,$3.46 ,$3.59 ,$3.61 ,$3.46 
D4,5/31/2022,$1.88 ,$1.90 ,$1.62 ,$1.88 ,$1.90 ,$1.63 
D5,5/31/2022,$1.87 ,$1.89 ,$1.61 ,$1.88 ,$1.89 ,$1.61 
D6,5/31/2022,$1.36 ,$1.36 ,$1.36 ,$1.36 ,$1.36 ,$1.36 
D5,5/26/2022,$1.94 ,$1.96 ,$1.69 ,$1.94 ,$1.96 ,$1.69 
D3,5/26/2022,$3.60 ,$3.62 ,$3.48 ,$3.60 ,$3.62 ,$3.48 
D4,5/26/2022,$1.96 ,$1.98 ,$1.70 ,$1.96 ,$1.98 ,$1.70 
D6,5/26/2022,$1.39 ,$1.40 ,$1.39 ,$1.39 ,$1.40 ,$1.40 
D5,5/25/2022,$1.98 ,$2.00 ,$1.73 ,$1.98 ,$2.00 ,$1.73 
D4,5/25/2022,$2.00 ,$2.02 ,$1.73 ,$2.00 ,$2.02 ,$1.75 
D3,5/25/2022,$3.60 ,$3.62 ,$3.48 ,$3.60 , $$3.620,$3.48 
D6,5/25/2022,$1.41 ,$1.42 ,$1.45 ,$1.41 ,$1.42 ,$1.42 
D3,5/24/2022,$3.61 ,$3.63 ,$3.48 ,$3.61 ,$3.63 ,$3.49 
D4,5/24/2022,$2.06 ,$2.08 ,$1.81 ,$2.06 ,$2.08 ,$1.80 
D5,5/24/2022,$2.05 ,$2.07 ,$1.78 ,$2.05 ,$2.07 ,$1.78 
D6,5/24/2022,$1.47 ,$1.47 ,$1.49 ,$1.47 ,$1.47 ,$1.47 
D6,5/23/2022,$1.49 ,$1.50 ,$1.51 ,$1.49 ,$1.50 ,$1.50 
D3,5/23/2022,$3.61 ,$3.63 ,$3.48 ,$3.61 ,$3.63 ,$3.48 
D4,5/23/2022,$2.09 ,$2.11 ,$1.82 ,$2.09 ,$2.11 ,$1.82 
D5,5/23/2022,$2.06 ,$2.09 ,$1.80 ,$2.06 ,$2.09 ,$1.80 
D6,5/20/2022,$1.51 ,$1.51 ,$1.50 ,$1.51 ,$1.51 ,$1.51 
D5,5/20/2022,$2.00 ,$2.02 ,$1.81 ,$2.00 ,$2.02 ,$1.83 
D4,5/20/2022,$2.02 ,$2.04 ,$1.83 ,$2.02 ,$2.04 ,$1.83 
D3,5/20/2022,$3.61 ,$3.63 ,$3.49 ,$3.61 ,$3.63 ,$3.48 
D5,5/19/2022,$1.95 ,$1.97 ,$1.76 ,$1.95 ,$1.97 ,$1.76 
D4,5/19/2022,$1.97 ,$1.98 ,$1.78 ,$1.97 ,$1.98 ,$1.77 
D6,5/19/2022,$1.47 ,$1.47 ,$1.46 ,$1.47 ,$1.47 ,$1.47 
D3,5/19/2022,$3.61 ,$3.63 ,$3.46 ,$3.61 ,$3.63 ,$3.48 
D6,5/18/2022,$1.50 ,$1.50 ,$1.51 ,$1.50 ,$1.50 ,$1.50 
D5,5/18/2022,$1.97 ,$1.98 ,$1.76 ,$1.97 ,$1.98 ,$1.76 
D4,5/18/2022,$1.98 ,$2.00 ,$1.82 ,$1.98 ,$2.00 ,$1.78 
D3,5/18/2022,$3.61 ,$3.63 ,$3.49 ,$3.61 ,$3.63 ,$3.49 
D6,5/17/2022,$1.60 ,$1.61 ,$1.57 ,$1.60 ,$1.61 ,$1.61 
D5,5/17/2022,$2.00 ,$2.02 ,$1.84 ,$2.00 ,$2.02 ,$1.84 
D4,5/17/2022,$2.02 ,$2.03 ,$1.83 ,$2.02 ,$2.03 ,$1.85 
D3,5/17/2022,$3.64 ,$3.65 ,$3.50 ,$3.64 ,$3.65 ,$3.50 
D6,5/16/2022,$1.64 ,$1.65 ,$1.67 ,$1.64 ,$1.65 ,$1.65 
D5,5/16/2022,$2.03 ,$2.05 ,$1.83 ,$2.03 ,$2.05 ,$1.83 
D4,5/16/2022,$2.05 ,$2.06 ,$1.86 ,$2.05 ,$2.06 ,$1.86 
D3,5/16/2022,$3.69 ,$3.70 ,$3.55 ,$3.69 ,$3.70 ,$3.55 
D6,5/13/2022,$1.65 ,$1.65 ,$1.67 ,$1.65 ,$1.65 ,$1.65 
D5,5/13/2022,$2.01 ,$2.04 ,$1.85 ,$2.01 ,$2.04 ,$1.85 
D4,5/13/2022,$2.04 ,$2.05 ,$1.86 ,$2.05 ,$2.02 ,$1.86 
D3,5/13/2022,$3.68 ,$3.69 ,$3.54 ,$3.68 ,$3.69 ,$3.54 
D4,5/12/2022,$2.01 ,$2.02 ,$1.87 ,$2.01 ,$2.02 ,$1.84 
D6,5/12/2022,$1.62 ,$1.65 ,$1.65 ,$1.62 ,$1.62 ,$1.62 
D5,5/12/2022,$2.00 ,$2.01 ,$1.83 ,$2.00 ,$2.01 ,$1.83 
D3,5/12/2022,$3.65 ,$3.67 ,$3.53 ,$3.65 ,$3.67 ,$3.52 
D6,5/11/2022,$1.62 ,$1.62 ,$1.63 ,$1.62 ,$1.62 ,$1.62 
D5,5/11/2022,$2.00 ,$2.01 ,$1.83 ,$2.00 ,$2.01 ,$1.83 
D4,5/11/2022,$2.01 ,$2.02 ,$1.84 ,$2.01 ,$2.02 ,$1.84 
D3,5/11/2022,$3.65 ,$3.67 ,$3.52 ,$3.65 ,$3.67 ,$3.52 
D6,5/10/2022,$1.64 ,$1.65 ,$1.65 ,$1.64 ,$1.65 ,$1.65 
D5,5/10/2022,$2.00 ,$2.02 ,$1.83 ,$2.00 ,$2.02 ,$1.83 
D4,5/10/2022,$2.02 ,$2.03 ,$1.85 ,$2.02 ,$2.03 ,$1.85 
D3,5/10/2022,$3.65 ,$3.67 ,$3.52 ,$3.65 ,$3.67 ,$3.52 
D5,5/9/2022,$1.97 ,$1.98 ,$1.80 ,$1.97 ,$1.98 ,$1.80 
D3,5/9/2022,$3.68 ,$3.68 ,$3.50 ,$3.63 ,$3.64 ,$3.49 
D4,5/9/2022,$1.98 ,$1.99 ,$1.81 ,$1.98 ,$1.99 ,$1.81 
D6,5/9/2022,$1.61 ,$1.61 ,$1.60 ,$1.61 ,$1.61 ,$1.61 
D6,5/6/2022,$1.56 ,$1.56 ,$1.55 ,$1.56 ,$1.56 ,$1.56 
D5,5/6/2022,$1.92 ,$1.94 ,$1.77 ,$1.92 ,$1.94 ,$1.77 
D4,5/6/2022,$1.94 ,$1.95 ,$1.78 ,$1.94 ,$1.95 ,$1.78 
D3,5/6/2022,$3.61 ,$3.62 ,$3.46 ,$3.61 ,$3.62 ,$3.46 
D6,5/5/2022,$1.55 ,$1.55 ,$1.55 ,$1.53 ,$1.54 ,$1.54 
D5,5/5/2022,$1.93 ,$1.95 ,$1.76 ,$1.93 ,$1.95 ,$1.76 
D4,5/5/2022,$1.95 ,$1.96 ,$1.79 ,$1.95 ,$1.96 ,$1.78 
D3,5/5/2022,$3.61 ,$3.62 ,$3.44 ,$3.61 ,$3.62 ,$3.47 
D4,5/4/2022,$1.91 ,$1.92 ,$1.78 ,$1.91 ,$1.93 ,$1.79 
D3,5/4/2022,$3.60 ,$3.61 ,$3.47 ,$3.60 ,$3.61 ,$3.47 
D5,5/4/2022,$1.90 ,$1.92 ,$1.78 ,$1.90 ,$1.92 ,$1.78 
D6,5/4/2022,$1.54 ,$1.53 ,$1.53 ,$1.54 ,$1.54 ,$1.54 
D6,5/3/2022,$1.51 ,$1.52 ,$1.52 ,$1.51 ,$1.52 ,$1.52 
D5,5/3/2022,$1.90 ,$1.92 ,$1.76 ,$1.90 ,$1.92 ,$1.76 
D4,5/3/2022,$1.91 ,$1.93 ,$1.77 ,$1.91 ,$1.93 ,$1.77 
D3,5/3/2022,$3.58 ,$3.60 ,$3.45 ,$3.58 ,$3.60 ,$3.45 
D3,4/29/2022,$3.61 ,$3.63 ,$3.49 ,$3.61 ,$3.63 ,$3.49 
D6,4/29/2022,$1.56 ,$1.56 ,$1.54 ,$1.56 ,$1.56 ,$1.56 
D5,4/29/2022,$2.00 ,$2.01 ,$1.84 ,$2.00 ,$2.01 ,$1.84 
D4,4/29/2022,$2.01 ,$2.02 ,$1.82 ,$2.01 ,$2.02 ,$1.85 
D3,4/28/2022,$3.62 ,$3.64 ,$3.49 ,$3.62 ,$3.64 ,$3.49 
D4,4/28/2022,$2.06 ,$2.08 ,$1.91 ,$2.06 ,$2.08 ,$1.92 
D5,4/28/2022,$2.05 ,$2.07 ,$1.91 ,$2.05 ,$2.07 ,$1.91 
D6,4/28/2022,$1.60 ,$1.58 ,$1.58 ,$1.60 ,$1.60 ,$1.60 
D6,4/27/2022,$1.54 ,$1.55 ,$1.54 ,$1.54 ,$1.55 ,$1.55 
D5,4/27/2022,$2.04 ,$2.06 ,$1.88 ,$2.04 ,$2.06 ,$1.88 
D4,4/27/2022,$2.05 ,$2.07 ,$1.88 ,$2.05 ,$2.07 ,$1.89 
D3,4/27/2022,$3.64 ,$3.65 ,$3.50 ,$3.63 ,$3.65 ,$3.50 
D5,4/26/2022,$1.97 ,$1.99 ,$1.82 ,$1.97 ,$1.99 ,$1.82 
D4,4/26/2022,$1.98 ,$2.00 ,$1.83 ,$1.98 ,$2.00 ,$1.83 
D3,4/26/2022,$3.60 ,$3.62 ,$3.47 ,$3.60 ,$3.62 ,$3.47 
D6,4/26/2022,$1.51 ,$1.51 ,$1.51 ,$1.51 ,$1.51 ,$1.51 
D6,4/25/2022,$1.43 ,$1.43 ,$1.40 ,$1.43 ,$1.43 ,$1.43 
D5,4/25/2022,$1.93 ,$1.95 ,$1.78 ,$1.93 ,$1.95 ,$1.78 
D4,4/25/2022,$1.94 ,$1.96 ,$1.78 ,$1.94 ,$1.96 ,$1.79 
D3,4/25/2022,$3.53 ,$3.55 ,$3.40 ,$3.53 ,$3.55 ,$3.40 
D6,4/22/2022,$1.38 ,$1.38 ,$1.39 ,$1.38 ,$1.38 ,$1.38 
D5,4/22/2022,$1.93 ,$1.95 ,$1.77 ,$1.94 ,$1.95 ,$1.77 
D4,4/22/2022,$1.94 ,$1.96 ,$1.80 ,$1.94 ,$1.96 ,$1.78 
D3,4/22/2022,$3.56 ,$3.58 ,$3.43 ,$3.56 ,$3.58 ,$3.43 
D6,4/21/2022,$1.33 ,$1.33 ,$1.33 ,$1.33 ,$1.34 ,$1.34 
D5,4/21/2022,$1.87 ,$1.89 ,$1.70 ,$1.87 ,$1.89 ,$1.70 
D4,4/21/2022,$1.88 ,$1.90 ,$1.71 ,$1.88 ,$1.90 ,$1.71 
D3,4/21/2022,$3.53 ,$3.55 ,$3.42 ,$3.53 ,$3.55 ,$3.40 
D4,4/20/2022,$1.87 ,$1.89 ,$1.69 ,$1.87 ,$1.89 ,$1.70 
D3,4/20/2022,$3.57 ,$3.58 ,$3.44 ,$3.57 ,$3.59 ,$3.44 
D5,4/20/2022,$1.86 ,$1.88 ,$1.69 ,$1.86 ,$1.88 ,$1.69 
D6,4/20/2022,$1.32 ,$1.31 ,$1.31 ,$1.32 ,$1.33 ,$1.33 
D6,4/19/2022,$1.27 ,$1.26 ,$1.27 ,$1.27 ,$1.27 ,$1.27 
D5,4/19/2022,$1.82 ,$1.84 ,$1.66 ,$1.82 ,$1.84 ,$1.66 
D4,4/19/2022,$1.83 ,$1.83 ,$1.65 ,$1.83 ,$1.85 ,$1.67 
D3,4/19/2022,$3.58 ,$3.61 ,$3.43 ,$3.58 ,$3.61 ,$3.46 
D6,4/14/2022,$1.20 ,$1.21 ,$1.21 ,$1.20 ,$1.21 ,$1.21 
D5,4/14/2022,$1.74 ,$1.76 ,$1.60 ,$1.74 ,$1.76 ,$1.60 
D3,4/14/2022,$3.46 ,$3.48 ,$3.35 ,$3.46 ,$3.48 ,$3.35 
D4,4/14/2022,$1.75 ,$1.77 ,$1.61 ,$1.75 ,$1.77 ,$1.61 
D4,4/12/2022,$1.73 ,$1.75 ,$1.60 ,$1.73 ,$1.75 ,$1.60 
D3,4/12/2022,$3.40 ,$3.43 ,$3.19 ,$3.40 ,$3.43 ,$3.23 
D6,4/12/2022,$1.16 ,$1.16 ,$1.14 ,$1.16 ,$1.16 ,$1.16 
D5,4/12/2022,$1.72 ,$1.74 ,$1.59 ,$1.72 ,$1.74 ,$1.59 
D6,4/11/2022,$1.16 ,$1.17 ,$1.17 ,$1.16 ,$1.17 ,$1.17 
D5,4/11/2022,$1.73 ,$1.75 ,$1.59 ,$1.73 ,$1.75 ,$1.59 
D4,4/11/2022,$1.74 ,$1.76 ,$1.60 ,$1.74 ,$1.76 ,$1.60 
D3,4/11/2022,$3.36 ,$3.38 ,$3.19 ,$3.36 ,$3.38 ,$3.19 
D5,4/8/2022,$1.71 ,$1.73 ,$1.59 ,$1.71 ,$1.73 ,$1.59 
D4,4/8/2022,$1.72 ,$1.74 ,$1.59 ,$1.72 ,$1.74 ,$1.60 
D3,4/8/2022,$3.35 ,$3.37 ,$3.18 ,$3.35 ,$3.37 ,$3.17 
D6,4/8/2022,$1.18 ,$1.18 ,$1.17 ,$1.18 ,$1.18 ,$1.18 
D6,4/7/2022,$1.15 ,$1.15 ,$1.18 ,$1.15 ,$1.15 ,$1.15 
D5,4/7/2022,$1.54 ,$1.71 ,$1.54 ,$1.54 ,$1.71 ,$1.54 
D4,4/7/2022,$1.55 ,$1.72 ,$1.59 ,$1.55 ,$1.72 ,$1.56 
D3,4/7/2022,$3.18 ,$3.38 ,$3.25 ,$3.18 ,$3.38 ,$3.20 
D6,4/6/2022,$1.15 ,$1.15 ,$1.14 ,$1.15 ,$1.15 ,$1.15 
D5,4/6/2022,$1.65 ,$1.67 ,$1.52 ,$1.65 ,$1.67 ,$1.52 
D4,4/6/2022,$1.66 ,$1.68 ,$1.51 ,$1.66 ,$1.68 ,$1.53 
D3,4/6/2022,$3.38 ,$3.40 ,$3.18 ,$3.38 ,$3.40 ,$3.19 
D5,4/5/2022,$1.66 ,$1.68 ,$1.52 ,$1.66 ,$1.68 ,$1.52 
D4,4/5/2022,$1.67 ,$1.69 ,$1.52 ,$1.67 ,$1.69 ,$1.53 
D6,4/5/2022,$1.14 ,$1.14 ,$1.14 ,$1.14 ,$1.14 ,$1.14 
D3,4/5/2022,$3.27 ,$3.30 ,$3.10 ,$3.27 ,$3.30 ,$3.12 
D6,4/4/2022,$1.13 ,$1.13 ,$1.13 ,$1.13 ,$1.13 ,$1.13 
D5,4/4/2022,$1.65 ,$1.67 ,$1.48 ,$1.65 ,$1.67 ,$1.48 
D4,4/4/2022,$1.66 ,$1.68 ,$1.48 ,$1.66 ,$1.68 ,$1.49 
D3,4/4/2022,$3.24 ,$3.27 ,$3.10 ,$3.24 ,$3.27 ,$3.10 
D6,4/1/2022,$1.13 ,$1.14 ,$1.14 ,$1.13 ,$1.14 ,$1.14 
D5,4/1/2022,$1.61 ,$1.63 ,$1.48 ,$1.61 ,$1.63 ,$1.48 
D4,4/1/2022,$1.62 ,$1.64 ,$1.48 ,$1.62 ,$1.64 ,$1.49 
D3,4/1/2022,$3.17 ,$3.20 ,$3.10 ,$3.17 ,$3.20 ,$3.10 
D4,3/31/2022,$1.63 ,$1.65 ,$1.48 ,$1.63 ,$1.65 ,$1.48 
D3,3/31/2022,$3.27 ,$3.30 ,$3.14 ,$3.27 ,$3.30 ,$3.14 
D5,3/31/2022,$1.62 ,$1.64 ,$1.47 ,$1.62 ,$1.64 ,$1.47 
D6,3/31/2022,$1.12 ,$1.12 ,$1.14 ,$1.12 ,$1.12 ,$1.12 
D6,3/30/2022,$1.16 ,$1.16 ,$1.15 ,$1.16 ,$1.16 ,$1.16 
D5,3/30/2022,$1.65 ,$1.66 ,$1.49 ,$1.65 ,$1.66 ,$1.49 
D4,3/30/2022,$1.66 ,$1.68 ,$1.49 ,$1.66 ,$1.68 ,$1.50 
D3,3/30/2022,$3.12 ,$3.30 ,$3.16 ,$3.12 ,$3.30 ,$3.15 
D5,3/29/2022,$1.64 ,$1.66 ,$1.50 ,$1.64 ,$1.66 ,$1.50 
D6,3/29/2022,$1.16 ,$1.16 ,$1.16 ,$1.16 ,$1.16 ,$1.16 
D3,3/29/2022,$3.27 ,$3.30 ,$3.15 ,$3.27 ,$3.30 ,$3.15 
D4,3/29/2022,$1.65 ,$1.67 ,$1.50 ,$1.65 ,$1.67 ,$1.51 
D6,3/24/2022,$1.16 ,$1.16 ,$1.16 ,$1.15 ,$1.16 ,$1.16 
D5,3/24/2022,$1.64 ,$1.66 ,$1.47 ,$1.64 ,$1.66 ,$1.47 
D4,3/24/2022,$1.64 ,$1.67 ,$1.49 ,$1.65 ,$1.67 ,$1.48 
D3,3/24/2022,$3.11 ,$3.14 ,$2.91 ,$3.11 ,$3.14 ,$2.92 
D6,3/23/2022,$1.14 ,$1.14 ,$1.15 ,$1.14 ,$1.14 ,$1.14 
D5,3/23/2022,$1.63 ,$1.65 ,$1.48 ,$1.63 ,$1.65 ,$1.48 
D4,3/23/2022,$1.64 ,$1.66 ,$1.50 ,$1.64 ,$1.66 ,$1.49 
D3,3/23/2022,$3.13 ,$3.15 ,$2.85 ,$3.13 ,$3.15 ,$2.85 
D6,3/22/2022,$1.14 ,$1.14 ,$1.14 ,$1.14 ,$1.14 ,$1.14 
D5,3/22/2022,$1.63 ,$1.65 ,$1.48 ,$1.63 ,$1.65 ,$1.48 
D4,3/22/2022,$1.64 ,$1.66 ,$1.50 ,$1.64 ,$1.66 ,$1.49 
D3,3/22/2022,$3.13 ,$3.15 ,$2.85 ,$3.13 ,$3.15 ,$2.85 
D5,3/18/2022,$1.64 ,$1.66 ,$1.48 ,$1.64 ,$1.66 ,$1.48 
D4,3/18/2022,$1.65 ,$1.67 ,$1.48 ,$1.65 ,$1.67 ,$1.49 
D3,3/18/2022,$3.12 ,$3.15 ,$2.88 ,$3.12 ,$3.15 ,$2.87 
D6,3/18/2022,$1.13 ,$1.13 ,$1.12 ,$1.13 ,$1.13 ,$1.13 
D6,3/17/2022,$1.13 ,$1.13 ,$1.13 ,$1.13 ,$1.13 ,$1.13 
D5,3/17/2022,$1.65 ,$1.67 ,$1.49 ,$1.65 ,$1.67 ,$1.49 
D4,3/17/2022,$1.66 ,$1.68 ,$1.52 ,$1.66 ,$1.68 ,$1.50 
D3,3/17/2022,$3.07 ,$3.10 ,$2.90 ,$3.07 ,$3.10 ,$2.90 
D6,3/16/2022,$1.15 ,$1.15 ,$1.15 ,$1.15 ,$1.15 ,$1.15 
D5,3/16/2022,$1.67 ,$1.69 ,$1.53 ,$1.67 ,$1.69 ,$1.53 
D4,3/16/2022,$1.68 ,$1.70 ,$1.54 ,$1.68 ,$1.70 ,$1.54 
D3,3/16/2022,$2.98 ,$3.00 ,$2.91 ,$2.98 ,$3.00 ,$2.90 
D5,3/15/2022,$1.63 ,$1.65 ,$1.53 ,$1.63 ,$1.65 ,$1.53 
D6,3/15/2022,$1.15 ,$1.15 ,$1.15 ,$1.15 ,$1.16 ,$1.15 
D4,3/15/2022,$1.64 ,$1.66 ,$1.53 ,$1.64 ,$1.66 ,$1.54 
D3,3/15/2022,$2.98 ,$3.00 ,$2.91 ,$2.98 ,$3.00 ,$2.90 
D6,3/14/2022,$1.12 ,$1.12 ,$1.11 ,$1.12 ,$1.12 ,$1.12 
D4,3/14/2022,$1.58 ,$1.60 ,$1.44 ,$1.58 ,$1.60 ,$1.47 
D3,3/14/2022,$2.98 ,$3.00 ,$2.92 ,$2.98 ,$3.00 ,$2.90 
D5,3/14/2022,$1.56 ,$1.58 ,$1.46 ,$1.56 ,$1.58 ,$1.46 
D6,3/9/2022,$1.13 ,$1.14 ,$1.14 ,$1.13 ,$1.14 ,$1.13 
D5,3/9/2022,$1.51 ,$1.53 ,$1.38 ,$1.51 ,$1.53 ,$1.38 
D4,3/9/2022,$1.52 ,$1.54 ,$1.37 ,$1.52 ,$1.54 ,$1.39 
D3,3/9/2022,$3.08 ,$3.10 ,$3.00 ,$3.08 ,$3.10 ,$3.00 
D3,3/8/2022,$3.05 ,$3.07 ,$2.99 ,$3.05 ,$3.07 ,$2.97 
D6,3/8/2022,$1.01 ,$1.01 ,$0.98 ,$1.01 ,$1.01 ,$1.00 
D5,3/8/2022,$1.42 ,$1.44 ,$1.25 ,$1.42 ,$1.44 ,$1.25 
D4,3/8/2022,$1.43 ,$1.45 ,$1.25 ,$1.43 ,$1.45 ,$1.27 
D6,3/7/2022,$1.08 ,$1.08 ,$1.06 ,$1.08 ,$1.08 ,$1.08 
D5,3/7/2022,$1.44 ,$1.46 ,$1.33 ,$1.44 ,$1.46 ,$1.33 
D3,3/7/2022,$3.18 ,$3.21 ,$3.12 ,$3.18 ,$3.21 ,$3.11 
D4,3/7/2022,$1.45 ,$1.46 ,$1.34 ,$1.45 ,$1.47 ,$1.35 
D6,3/4/2022,$1.14 ,$1.14 ,$1.14 ,$1.14 ,$1.14 ,$1.14 
D4,3/4/2022,$1.53 ,$1.55 ,$1.42 ,$1.53 ,$1.55 ,$1.42 
D3,3/4/2022,$3.29 ,$3.31 ,$3.21 ,$3.29 ,$3.31 ,$3.21 
D5,3/4/2022,$1.52 ,$1.53 ,$1.41 ,$1.52 ,$1.53 ,$1.41 
D6,3/3/2022,$1.21 ,$1.19 ,$1.19 ,$1.21 ,$1.21 ,$1.21 
D5,3/3/2022,$1.60 ,$1.62 ,$1.53 ,$1.60 ,$1.62 ,$1.53 
D4,3/3/2022,$1.62 ,$1.66 ,$1.55 ,$1.62 ,$1.64 ,$1.54 
D3,3/3/2022,$3.36 ,$3.38 ,$3.25 ,$3.36 ,$3.38 ,$3.25 
D3,3/2/2022,$3.40 ,$3.43 ,$3.27 ,$3.40 ,$3.43 ,$3.27 
D4,3/2/2022,$1.62 ,$1.66 ,$1.56 ,$1.62 ,$1.64 ,$1.55 
D5,3/2/2022,$1.62 ,$1.62 ,$1.22 ,$1.61 ,$1.62 ,$1.53 
D6,3/2/2022,$1.22 ,$1.22 ,$1.27 ,$1.22 ,$1.22 ,$1.22 
D5,3/1/2022,$1.70 ,$1.71 ,$1.62 ,$1.70 ,$1.71 ,$1.62 
D4,3/1/2022,$1.71 ,$1.74 ,$1.66 ,$1.71 ,$1.73 ,$1.64 
D3,3/1/2022,$3.41 ,$3.46 ,$3.30 ,$3.41 ,$3.46 ,$3.30 
D6,3/1/2022,$1.29 ,$1.27 ,$1.27 ,$1.28 ,$1.27 ,$1.27 
D6,2/28/2022,$1.22 ,$1.21 ,$1.21 ,$1.22 ,$1.22 ,$1.22 
D5,2/28/2022,$1.64 ,$1.66 ,$1.56 ,$1.64 ,$1.66 ,$1.56 
D4,2/28/2022,$1.65 ,$1.67 ,$1.57 ,$1.65 ,$1.67 ,$1.58 
D3,2/28/2022,$3.40 ,$3.45 ,$3.30 ,$3.40 ,$3.45 ,$3.28 
D6,2/25/2022,$1.21 ,$1.21 ,$1.21 ,$1.21 ,$1.21 ,$1.21 
D5,2/25/2022,$1.59 ,$1.62 ,$1.51 ,$1.59 ,$1.62 ,$1.51 
D4,2/25/2022,$1.61 ,$1.63 ,$1.53 ,$1.61 ,$1.63 ,$1.53 
D3,2/25/2022,$3.48 ,$3.50 ,$3.30 ,$3.48 ,$3.50 ,$3.29 
D4,2/10/2022,$1.52 ,$1.53 ,$1.42 ,$1.52 ,$1.53 ,$1.41 
D5,2/10/2022,$1.51 ,$1.51 ,$1.38 ,$1.51 ,$1.51 ,$1.38 
D6,2/10/2022,$1.10 ,$1.10 ,$1.10 ,$1.10 ,$1.11 ,$1.11 
D3,2/10/2022,$3.62 ,$3.64 ,$3.33 ,$3.62 ,$3.64 ,$3.33 
D5,2/9/2022,$1.49 ,$1.50 ,$1.37 ,$1.49 ,$1.50 ,$1.37 
D4,2/9/2022,$1.50 ,$1.51 ,$1.38 ,$1.50 ,$1.51 ,$1.39 
D6,2/9/2022,$1.09 ,$1.09 ,$1.09 ,$1.09 ,$1.09 ,$1.09 
D3,2/9/2022,$3.65 ,$3.68 ,$3.35 ,$3.65 ,$3.67 ,$3.35 
D5,2/8/2022,$1.49 ,$1.50 ,$1.36 ,$1.49 ,$1.50 ,$1.36 
D6,2/8/2022,$1.07 ,$1.07 ,$1.07 ,$1.07 ,$1.08 ,$1.08 
D3,2/8/2022,$3.67 ,$3.68 ,$3.35 ,$3.67 ,$3.68 ,$3.35 
D4,2/8/2022,$1.50 ,$1.53 ,$1.37 ,$1.50 ,$1.51 ,$1.38 
D3,2/7/2022,$3.71 ,$3.72 ,$3.37 ,$3.71 ,$3.72 ,$3.37 
D4,2/7/2022,$1.57 ,$1.59 ,$1.40 ,$1.57 ,$1.59 ,$1.39 
D5,2/7/2022,$1.55 ,$1.58 ,$1.38 ,$1.55 ,$1.58 ,$1.38 
D6,2/7/2022,$1.08 ,$1.08 ,$1.08 ,$1.08 ,$1.09 ,$1.09 
D6,2/4/2022,$1.11 ,$1.12 ,$1.15 ,$1.11 ,$1.12 ,$1.12 
D5,2/4/2022,$1.56 ,$1.60 ,$1.41 ,$1.56 ,$1.57 ,$1.39 
D3,2/4/2022,$3.73 ,$3.74 ,$3.40 ,$3.73 ,$3.74 ,$3.40 
D4,2/4/2022,$1.58 ,$1.60 ,$1.41 ,$1.58 ,$1.59 ,$1.41 
D6,2/3/2022,$1.15 ,$1.16 ,$1.16 ,$1.15 ,$1.16 ,$1.16 
D5,2/3/2022,$1.60 ,$1.60 ,$1.42 ,$1.60 ,$1.60 ,$1.42 
D4,2/3/2022,$1.62 ,$1.63 ,$1.44 ,$1.62 ,$1.63 ,$1.43 
D3,2/3/2022,$3.75 ,$3.75 ,$3.40 ,$3.75 ,$3.75 ,$3.40 
D6,2/2/2022,$1.16 ,$1.17 ,$1.18 ,$1.16 ,$1.17 ,$1.17 
D3,2/2/2022,$3.75 ,$3.75 ,$3.40 ,$3.75 ,$3.75 ,$3.40 
D5,2/2/2022,$1.64 ,$1.64 ,$1.44 ,$1.64 ,$1.64 ,$1.44 
D4,2/2/2022,$1.65 ,$1.65 ,$1.45 ,$1.65 ,$1.65 ,$1.45 
D6,2/1/2022,$1.15 ,$1.16 ,$1.15 ,$1.15 ,$1.15 ,$1.16 
D5,2/1/2022,$1.63 ,$1.63 ,$1.42 ,$1.63 ,$1.63 ,$1.42 
D4,2/1/2022,$1.64 ,$1.63 ,$1.43 ,$1.64 ,$1.64 ,$1.43 
D3,2/1/2022,$3.75 ,$3.75 ,$3.40 ,$3.75 ,$3.75 ,$3.40 
D3,1/31/2022,$3.75 ,$3.75 ,$3.40 ,$3.75 ,$3.75 ,$3.40 
D6,1/31/2022,$1.11 ,$1.14 ,$1.13 ,$1.11 ,$1.12 ,$1.13 
D5,1/31/2022,$1.61 ,$1.61 ,$1.41 ,$1.61 ,$1.61 ,$1.41 
D4,1/31/2022,$1.62 ,$1.61 ,$1.41 ,$1.62 ,$1.62 ,$1.42 
D3,1/27/2022,$3.75 ,$3.76 ,$3.42 ,$3.75 ,$3.77 ,$3.41 
D6,1/27/2022,$1.15 ,$1.14 ,$1.16 ,$1.15 ,$1.16 ,$1.17 
D4,1/27/2022,$1.63 ,$1.64 ,$1.43 ,$1.63 ,$1.64 ,$1.42 
D5,1/27/2022,$1.62 ,$1.63 ,$1.41 ,$1.62 ,$1.63 ,$1.41 
D5,1/26/2022,$1.62 ,$1.62 ,$1.40 ,$1.62 ,$1.62 ,$1.40 
D6,1/26/2022,$1.06 ,$1.06 ,$1.07 ,$1.06 ,$1.07 ,$1.08 
D4,1/26/2022,$1.63 ,$1.63 ,$1.40 ,$1.63 ,$1.63 ,$1.41 
D6,1/26/2022,$1.06 ,$1.06 ,$1.07 ,$1.06 ,$1.07 ,$1.08 
D4,1/26/2022,$1.63 ,$1.63 ,$1.40 ,$1.63 ,$1.63 ,$1.41 
D3,1/26/2022,$3.75 ,$3.72 ,$3.37 ,$3.75 ,$3.75 ,$3.40 
D5,1/26/2022,$1.62 ,$1.62 ,$1.40 ,$1.62 ,$1.62 ,$1.40 
D3,1/26/2022,$3.75 ,$3.72 ,$3.37 ,$3.75 ,$3.75 ,$3.40 
D5,1/25/2022,$1.57 ,$1.58 ,$1.39 ,$1.57 ,$1.58 ,$1.39 
D4,1/25/2022,$1.58 ,$1.57 ,$1.38 ,$1.58 ,$1.59 ,$1.40 
D3,1/25/2022,$3.74 ,$3.77 ,$3.41 ,$3.74 ,$3.76 ,$3.41 
D6,1/25/2022,$1.05 ,$1.04 ,$1.01 ,$1.05 ,$1.05 ,$1.06 
D3,1/24/2022,$3.75 ,$3.75 ,$3.40 ,$3.75 ,$3.75 ,$3.40 
D4,1/24/2022,$1.56 ,$1.56 ,$1.35 ,$1.56 ,$1.57 ,$1.35 
D5,1/24/2022,$1.55 ,$1.56 ,$1.34 ,$1.55 ,$1.56 ,$1.34 
D6,1/24/2022,$0.96 ,$0.96 ,$0.97 ,$0.96 ,$0.97 ,$0.97 
D6,1/21/2022,$0.96 ,$0.96 ,$0.97 ,$0.96 ,$0.97 ,$0.98 
D4,1/21/2022,$1.58 ,$1.58 ,$1.36 ,$1.58 ,$1.58 ,$1.35 
D5,1/21/2022,$1.57 ,$1.57 ,$1.34 ,$1.57 ,$1.57 ,$1.34 
D3,1/21/2022,$3.75 ,$3.75 ,$3.41 ,$3.75 ,$3.75 ,$3.41 
D6,1/19/2022,$1.00 ,$1.03 ,$1.01 ,$1.00 ,$1.01 ,$1.02 
D3,1/19/2022,$3.75 ,$3.75 ,$3.40 ,$3.75 ,$3.75 ,$3.40 
D4,1/19/2022,$1.52 ,$1.53 ,$1.27 ,$1.52 ,$1.53 ,$1.27 
D5,1/19/2022,$1.51 ,$1.52 ,$1.26 ,$1.51 ,$1.52 ,$1.26 
D3,1/18/2022,$3.75 ,$3.76 ,$3.40 ,$3.75 ,$3.76 ,$3.40 
D4,1/18/2022,$1.52 ,$1.53 ,$1.27 ,$1.52 ,$1.53 ,$1.27 
D5,1/18/2022,$1.51 ,$1.52 ,$1.26 ,$1.51 ,$1.52 ,$1.26 
D6,1/18/2022,$1.06 ,$1.06 ,$1.08 ,$1.06 ,$1.06 ,$1.07 
D6,1/14/2022,$1.09 ,$1.11 ,$1.12 ,$1.09 ,$1.11 ,$1.11 
D5,1/14/2022,$1.54 ,$1.56 ,$1.28 ,$1.54 ,$1.56 ,$1.28 
D4,1/14/2022,$1.55 ,$1.59 ,$1.32 ,$1.55 ,$1.57 ,$1.30 
D3,1/14/2022,$3.72 ,$3.74 ,$3.40 ,$3.72 ,$3.74 ,$3.40 
D6,1/12/2022,$1.18 ,$1.20 ,$1.19 ,$1.18 ,$1.19 ,$1.19 
D5,1/12/2022,$1.62 ,$1.61 ,$1.35 ,$1.62 ,$1.61 ,$1.35 
D3,1/12/2022,$3.75 ,$3.75 ,$3.44 ,$3.75 ,$3.75 ,$3.42 
D4,1/12/2022,$1.63 ,$1.61 ,$1.36 ,$1.63 ,$1.63 ,$1.36 
D5,1/11/2022,$1.27 ,$1.66 ,$1.38 ,$1.27 ,$1.65 ,$1.38 
D3,1/11/2022,$3.80 ,$3.78 ,$3.44 ,$3.80 ,$3.80 ,$3.44 
D4,1/11/2022,$1.68 ,$1.67 ,$1.39 ,$1.68 ,$1.67 ,$1.39 
D6,1/11/2022,$1.25 ,$1.27 ,$1.27 ,$1.25 ,$1.27 ,$1.27 
D6,1/7/2022,$1.25 ,$1.25 ,$1.26 ,$1.25 ,$1.25 ,$1.26 
D5,1/7/2022,$1.65 ,$1.65 ,$1.38 ,$1.65 ,$1.65 ,$1.38 
D4,1/7/2022,$1.66 ,$1.64 ,$1.39 ,$1.66 ,$1.66 ,$1.39 
D3,1/7/2022,$3.82 ,$3.81 ,$3.46 ,$3.82 ,$3.81 ,$3.45 
D6,1/6/2022,$1.24 ,$1.23 ,$1.23 ,$1.24 ,$1.23 ,$1.25 
D5,1/6/2022,$1.63 ,$1.62 ,$1.38 ,$1.63 ,$1.62 ,$1.38 
D4,1/6/2022,$1.64 ,$1.60 ,$1.37 ,$1.64 ,$1.63 ,$1.39 
D3,1/6/2022,$3.82 ,$3.79 ,$3.45 ,$3.82 ,$3.81 ,$3.48 
D3,1/5/2022,$3.66 ,$3.67 ,$3.43 ,$3.66 ,$3.67 ,$3.34 
D6,1/5/2022,$1.14 ,$1.19 ,$1.14 ,$1.14 ,$1.14 ,$1.15 
D5,1/5/2022,$1.54 ,$1.52 ,$1.31 ,$1.54 ,$1.52 ,$1.31 
D4,1/5/2022,$1.55 ,$1.53 ,$1.37 ,$1.55 ,$1.53 ,$1.32 
D6,1/4/2022,$1.12 ,$1.13 ,$1.15 ,$1.14 ,$1.14 ,$1.15 
D3,1/4/2022,$3.66 ,$3.67 ,$3.33 ,$3.66 ,$3.67 ,$3.34 
D4,1/4/2022,$1.55 ,$1.52 ,$1.33 ,$1.55 ,$1.53 ,$1.32 
D5,1/4/2022,$1.54 ,$1.52 ,$1.31 ,$1.54 ,$1.52 ,$1.31 
D6,12/30/2021,$1.11 ,$1.12 ,$1.11 ,$1.11 ,$1.12 ,$1.13 
D5,12/30/2021,$1.53 ,$1.50 ,$1.28 ,$1.53 ,$1.50 ,$1.28 
D4,12/30/2021,$1.54 ,$1.52 ,$1.30 ,$1.54 ,$1.51 ,$1.30 
D3,12/30/2021,$3.72 ,$3.72 ,$3.20 ,$3.72 ,$3.72 ,$3.20 
D6,12/29/2021,$1.09 ,$1.09 ,$1.11 ,$1.09 ,$1.09 ,$1.11 
D5,12/29/2021,$1.53 ,$1.49 ,$1.28 ,$1.53 ,$1.49 ,$1.28 
D4,12/29/2021,$1.54 ,$1.51 ,$1.30 ,$1.54 ,$1.51 ,$1.30 
D3,12/29/2021,$3.73 ,$3.71 ,$3.20 ,$3.77 ,$3.73 ,$3.20 
D6,12/22/2021,$1.06 ,$1.06 ,$1.07 ,$1.08 ,$1.08 ,$1.10 
D5,12/22/2021,$1.68 ,$1.65 ,$1.29 ,$1.68 ,$1.65 ,$1.29 
D4,12/22/2021,$1.69 ,$1.65 ,$1.30 ,$1.69 ,$1.66 ,$1.30 
D3,12/22/2021,$3.77 ,$3.77 ,$3.20 ,$3.77 ,$3.77 ,$3.20 
D4,12/21/2021,$1.69 ,$1.65 ,$1.26 ,$1.69 ,$1.67 ,$1.27 
D3,12/21/2021,$3.81 ,$3.80 ,$3.20 ,$3.81 ,$3.81 ,$3.19 
D5,12/21/2021,$1.68 ,$1.65 ,$1.25 ,$1.68 ,$1.65 ,$1.25 
D6,12/21/2021,$1.04 ,$1.02 ,$1.05 ,$1.04 ,$1.04 ,$1.05 
D3,12/15/2021,$3.51 ,$3.51 ,$3.10 ,$3.51 ,$3.50 ,$3.10 
D5,12/15/2021,$1.54 ,$1.50 ,$1.17 ,$1.54 ,$1.50 ,$1.17 
D6,12/15/2021,$0.89 ,$0.90 ,$0.91 ,$0.93 ,$0.92 ,$0.93 
D4,12/15/2021,$1.55 ,$1.50 ,$1.19 ,$1.55 ,$1.52 ,$1.19 
D6,12/14/2021,$0.90 ,$0.86 ,$0.90 ,$0.90 ,$0.88 ,$0.90 
D5,12/14/2021,$1.49 ,$1.46 ,$1.17 ,$1.49 ,$1.46 ,$1.17 
D4,12/14/2021,$1.50 ,$1.48 ,$1.17 ,$1.50 ,$1.48 ,$1.18 
D3,12/14/2021,$3.51 ,$3.51 ,$3.10 ,$3.51 ,$3.51 ,$3.09 
D6,12/13/2021,$0.93 ,$0.91 ,$0.91 ,$0.93 ,$0.92 ,$0.93 
D5,12/13/2021,$1.47 ,$1.46 ,$1.19 ,$1.47 ,$1.46 ,$1.19 
D4,12/13/2021,$1.48 ,$1.43 ,$1.20 ,$1.48 ,$1.47 ,$1.20 
D3,12/13/2021,$3.50 ,$3.50 ,$3.03 ,$3.50 ,$3.50 ,$3.03 
D6,12/10/2021,$0.96 ,$0.97 ,$0.96 ,$0.96 ,$0.97 ,$0.99 
D5,12/10/2021,$1.44 ,$1.47 ,$1.44 ,$1.44 ,$1.47 ,$1.44 
D4,12/10/2021,$1.45 ,$1.48 ,$1.45 ,$1.45 ,$1.48 ,$1.45 
D3,12/10/2021,$3.42 ,$3.45 ,$3.46 ,$3.42 ,$3.45 ,$3.46 
D4,12/9/2021,$1.43 ,$1.53 ,$1.48 ,$1.43 ,$1.53 ,$1.49 
D6,12/9/2021,$1.00 ,$1.05 ,$1.07 ,$1.00 ,$1.05 ,$1.07 
D5,12/9/2021,$1.42 ,$1.52 ,$1.48 ,$1.42 ,$1.52 ,$1.48 
D3,12/9/2021,$3.35 ,$3.43 ,$3.46 ,$3.35 ,$3.43 ,$3.35 
D4,12/8/2021,$1.43 ,$1.46 ,$1.43 ,$1.43 ,$1.46 ,$1.43 
D6,12/8/2021,$1.00 ,$1.02 ,$1.06 ,$1.00 ,$1.02 ,$1.05 
D5,12/8/2021,$1.42 ,$1.45 ,$1.42 ,$1.42 ,$1.45 ,$1.42 
D3,12/8/2021,$3.35 ,$3.37 ,$3.38 ,$3.35 ,$3.37 ,$3.39 
D3,12/7/2021,$3.35 ,$3.37 ,$3.39 ,$3.34 ,$3.37 ,$3.39 
D6,12/7/2021,$0.93 ,$0.94 ,$0.95 ,$0.93 ,$0.94 ,$0.95 
D5,12/7/2021,$1.40 ,$1.42 ,$1.39 ,$1.40 ,$1.42 ,$1.39 
D4,12/7/2021,$1.41 ,$1.43 ,$1.40 ,$1.41 ,$1.43 ,$1.40 
D6,12/6/2021,$0.89 ,$0.88 ,$0.91 ,$0.86 ,$0.87 ,$0.90 
D5,12/6/2021,$1.38 ,$1.41 ,$1.38 ,$1.38 ,$1.41 ,$1.38 
D4,12/6/2021,$1.39 ,$1.42 ,$1.38 ,$1.39 ,$1.42 ,$1.39 
D3,12/6/2021,$3.31 ,$3.33 ,$3.35 ,$3.31 ,$3.33 ,$3.35 
D4,12/3/2021,$1.40 ,$1.42 ,$1.37 ,$1.40 ,$1.42 ,$1.38 
D6,12/3/2021,$0.89 ,$0.90 ,$1.91 ,$0.89 ,$0.90 ,$0.92 
D5,12/3/2021,$1.39 ,$1.41 ,$1.36 ,$1.39 ,$1.41 ,$1.36 
D3,12/3/2021,$3.31 ,$3.33 ,$3.45 ,$3.31 ,$3.33 ,$3.35 
D3,12/2/2021,$3.32 ,$3.34 ,$3.41 ,$3.32 ,$3.34 ,$3.26 
D4,12/2/2021,$1.43 ,$1.45 ,$1.42 ,$1.43 ,$1.45 ,$1.40 
D5,12/2/2021,$1.41 ,$1.44 ,$1.39 ,$1.41 ,$1.44 ,$1.39 
D6,12/2/2021,$0.96 ,$0.97 ,$1.03 ,$0.96 ,$0.97 ,$0.99 
D3,12/1/2021,$3.34 ,$3.36 ,$3.40 ,$3.34 ,$3.36 ,$3.40 
D5,12/1/2021,$1.44 ,$1.45 ,$1.43 ,$1.44 ,$1.45 ,$1.43 
D6,12/1/2021,$1.05 ,$1.06 ,$1.08 ,$1.05 ,$1.06 ,$1.08 
D4,12/1/2021,$1.45 ,$1.47 ,$1.43 ,$1.45 ,$1.47 ,$1.45 
D6,11/30/2021,$1.05 ,$1.06 ,$1.08 ,$1.05 ,$1.06 ,$1.07 
D5,11/30/2021,$1.44 ,$1.47 ,$1.41 ,$1.44 ,$1.47 ,$1.41 
D4,11/30/2021,$1.45 ,$1.47 ,$1.43 ,$1.45 ,$1.47 ,$1.42 
D3,11/30/2021,$3.40 ,$3.43 ,$3.46 ,$3.40 ,$3.43 ,$3.46 
D5,11/23/2021,$1.45 ,$1.48 ,$1.43 ,$1.45 ,$1.48 ,$1.43 
D6,11/23/2021,$1.08 ,$1.09 ,$1.10 ,$1.08 ,$1.09 ,$1.10 
D4,11/23/2021,$1.46 ,$1.49 ,$1.44 ,$1.46 ,$1.49 ,$1.44 
D3,11/23/2021,$3.39 ,$3.42 ,$3.46 ,$3.39 ,$3.42 ,$3.46 
D5,11/22/2021,$1.43 ,$1.47 ,$1.42 ,$1.43 ,$1.47 ,$1.42 
D3,11/22/2021,$3.42 ,$3.44 ,$3.47 ,$3.42 ,$3.44 ,$3.47 
D4,11/22/2021,$1.44 ,$1.48 ,$1.43 ,$1.44 ,$1.48 ,$1.43 
D6,11/22/2021,$1.06 ,$1.07 ,$1.08 ,$1.06 ,$1.07 ,$1.08 
D6,11/19/2021,$1.05 ,$1.06 ,$1.07 ,$1.05 ,$1.06 ,$1.07 
D5,11/19/2021,$1.42 ,$1.46 ,$1.42 ,$1.42 ,$1.46 ,$1.42 
D4,11/19/2021,$1.43 ,$1.47 ,$1.43 ,$1.43 ,$1.47 ,$1.43 
D3,11/19/2021,$3.43 ,$3.45 ,$3.48 ,$3.43 ,$3.45 ,$3.48 
D5,11/18/2021,$1.41 ,$1.45 ,$1.29 ,$1.41 ,$1.45 ,$1.39 
D6,11/18/2021,$1.04 ,$1.05 ,$1.06 ,$1.04 ,$1.05 ,$1.05 
D3,11/18/2021,$3.43 ,$3.45 ,$3.48 ,$3.43 ,$3.45 ,$3.48 
D4,11/18/2021,$1.42 ,$1.46 ,$1.40 ,$1.42 ,$1.46 ,$1.40 
D4,11/17/2021,$1.43 ,$1.47 ,$1.41 ,$1.43 ,$1.47 ,$1.42 
D3,11/17/2021,$3.43 ,$3.45 ,$3.48 ,$3.43 ,$3.41 ,$3.48 
D6,11/17/2021,$1.08 ,$1.09 ,$1.10 ,$1.08 ,$1.09 ,$1.10 
D5,11/17/2021,$1.42 ,$1.46 ,$1.41 ,$1.42 ,$1.46 ,$1.41 
D6,11/16/2021,$1.08 ,$1.09 ,$1.10 ,$1.08 ,$1.09 ,$1.10 
D5,11/16/2021,$1.42 ,$1.46 ,$1.41 ,$1.42 ,$1.46 ,$1.41 
D3,11/16/2021,$3.43 ,$3.45 ,$3.48 ,$3.43 ,$3.41 ,$3.48 
D4,11/16/2021,$1.43 ,$1.47 ,$1.41 ,$1.43 ,$1.47 ,$1.42 
D3,11/15/2021,$3.41 ,$3.44 ,$3.47 ,$3.41 ,$3.44 ,$3.47 
D5,11/15/2021,$1.41 ,$1.45 ,$1.40 ,$1.41 ,$1.45 ,$1.40 
D4,11/15/2021,$1.42 ,$1.46 ,$1.41 ,$1.42 ,$1.46 ,$1.41 
D6,11/15/2021,$1.07 ,$1.08 ,$1.10 ,$1.07 ,$1.08 ,$1.09 
D3,11/12/2021,$3.37 ,$3.40 ,$3.45 ,$3.37 ,$3.40 ,$3.45 
D4,11/12/2021,$1.43 ,$1.46 ,$1.40 ,$1.43 ,$1.46 ,$1.40 
D5,11/12/2021,$1.42 ,$1.44 ,$1.39 ,$1.42 ,$1.44 ,$1.39 
D6,11/12/2021,$1.06 ,$1.08 ,$1.08 ,$1.06 ,$1.07 ,$1.08 
D3,11/11/2021,$3.34 ,$3.38 ,$3.34 ,$3.34 ,$3.38 ,$3.34 
D4,11/11/2021,$1.40 ,$1.46 ,$1.42 ,$1.40 ,$1.46 ,$1.40 
D5,11/11/2021,$1.39 ,$1.45 ,$1.39 ,$1.39 ,$1.45 ,$1.39 
D6,11/11/2021,$1.06 ,$1.07 ,$1.10 ,$1.06 ,$1.07 ,$1.08 
D6,11/10/2021,$1.00 ,$1.06 ,$1.07 ,$1.00 ,$1.07 ,$1.08 
D5,11/10/2021,$1.36 ,$1.46 ,$1.35 ,$1.36 ,$1.46 ,$1.40 
D4,11/10/2021,$1.37 ,$1.47 ,$1.41 ,$1.37 ,$1.47 ,$1.41 
D3,11/10/2021,$3.33 ,$3.36 ,$3.39 ,$3.33 ,$3.36 ,$3.39 
D6,11/8/2021,$1.00 ,$1.03 ,$1.05 ,$1.00 ,$1.03 ,$1.04 
D5,11/8/2021,$1.36 ,$1.42 ,$1.36 ,$1.36 ,$1.42 ,$1.36 
D4,11/8/2021,$1.37 ,$1.43 ,$1.39 ,$1.37 ,$1.43 ,$1.37 
D3,11/8/2021,$3.33 ,$3.35 ,$3.38 ,$3.33 ,$3.35 ,$3.38 
D6,11/5/2021,$1.08 ,$1.09 ,$1.11 ,$1.08 ,$1.09 ,$1.10 
D5,11/5/2021,$1.46 ,$1.51 ,$1.45 ,$1.46 ,$1.51 ,$1.45 
D4,11/5/2021,$1.47 ,$1.52 ,$1.42 ,$1.47 ,$1.52 ,$1.46 
D3,11/5/2021,$3.33 ,$3.35 ,$3.38 ,$3.33 ,$3.35 ,$3.39 
D6,11/4/2021,$1.12 ,$1.10 ,$1.12 ,$1.12 ,$1.10 ,$1.11 
D5,11/4/2021,$1.49 ,$1.51 ,$1.45 ,$1.49 ,$1.51 ,$1.45 
D4,11/4/2021,$1.50 ,$1.52 ,$1.46 ,$1.50 ,$1.52 ,$1.46 
D3,11/4/2021,$3.22 ,$3.33 ,$3.34 ,$3.22 ,$3.33 ,$3.34 
D3,11/3/2021,$3.22 ,$3.26 ,$3.24 ,$3.22 ,$3.26 ,$3.30 
D6,11/3/2021,$1.12 ,$1.14 ,$1.19 ,$1.12 ,$1.14 ,$1.15 
D4,11/3/2021,$1.50 ,$1.55 ,$1.53 ,$1.50 ,$1.55 ,$1.50 
D5,11/3/2021,$1.49 ,$1.54 ,$1.49 ,$1.49 ,$1.54 ,$1.49 
D3,11/2/2021,$3.24 ,$3.27 ,$3.30 ,$3.24 ,$3.27 ,$3.30 
D4,11/2/2021,$1.55 ,$1.59 ,$1.52 ,$1.55 ,$1.59 ,$1.51 
D5,11/2/2021,$1.54 ,$1.58 ,$1.51 ,$1.54 ,$1.58 ,$1.51 
D6,11/2/2021,$1.17 ,$1.19 ,$1.19 ,$1.17 ,$1.19 ,$1.20 
D5,11/1/2021,$1.50 ,$1.54 ,$1.48 ,$1.50 ,$1.54 ,$1.48 
D4,11/1/2021,$1.51 ,$1.55 ,$1.49 ,$1.47 ,$1.55 ,$1.49 
D3,11/1/2021,$3.15 ,$3.19 ,$3.22 ,$3.15 ,$3.19 ,$3.23 
D6,11/1/2021,$1.09 ,$1.14 ,$1.15 ,$1.09 ,$1.14 ,$1.15 
D6,10/28/2021,$1.13 ,$1.15 ,$1.19 ,$1.13 ,$1.15 ,$1.16 
D5,10/28/2021,$1.47 ,$1.51 ,$1.45 ,$1.47 ,$1.51 ,$1.45 
D4,10/28/2021,$1.48 ,$1.52 ,$1.49 ,$1.48 ,$1.52 ,$1.46 
D3,10/28/2021,$3.20 ,$3.23 ,$3.30 ,$3.20 ,$3.23 ,$3.25 
D5,10/26/2021,$1.60 ,$1.63 ,$1.57 ,$1.60 ,$1.63 ,$1.57 
D3,10/26/2021,$3.36 ,$3.43 ,$3.37 ,$3.36 ,$3.43 ,$3.37 
D4,10/26/2021,$1.61 ,$1.64 ,$1.58 ,$1.61 ,$1.64 ,$1.58 
D6,10/26/2021,$1.26 ,$1.27 ,$1.29 ,$1.26 ,$1.27 ,$1.28 
D6,10/25/2021,$1.26 ,$1.27 ,$1.29 ,$1.26 ,$1.27 ,$1.28 
D3,10/25/2021,$3.34 ,$3.39 ,$3.34 ,$3.34 ,$3.39 ,$3.34 
D4,10/25/2021,$1.62 ,$1.66 ,$1.57 ,$1.62 ,$1.66 ,$1.58 
D5,10/25/2021,$1.61 ,$1.65 ,$1.57 ,$1.61 ,$1.65 ,$1.57 
D3,10/20/2021,$3.35 ,$3.43 ,$3.35 ,$3.35 ,$3.43 ,$3.38 
D4,10/20/2021,$1.73 ,$1.78 ,$1.66 ,$1.73 ,$1.78 ,$1.68 
D6,10/20/2021,$1.40 ,$1.42 ,$1.42 ,$1.40 ,$1.42 ,$1.43 
D5,10/20/2021,$1.72 ,$1.77 ,$1.67 ,$1.72 ,$1.77 ,$1.67 
D4,10/19/2021,$1.61 ,$1.66 ,$1.61 ,$1.61 ,$1.66 ,$1.61 
D3,10/19/2021,$3.30 ,$3.35 ,$3.28 ,$3.30 ,$3.35 ,$3.30 
D5,10/19/2021,$1.60 ,$1.65 ,$1.60 ,$1.60 ,$1.65 ,$1.60 
D6,10/19/2021,$1.34 ,$1.36 ,$1.37 ,$1.34 ,$1.36 ,$1.37 
D6,10/18/2021,$1.30 ,$1.32 ,$1.32 ,$1.30 ,$1.32 ,$1.33 
D5,10/18/2021,$1.54 ,$1.58 ,$1.58 ,$1.54 ,$1.58 ,$1.58 
D4,10/18/2021,$1.55 ,$1.59 ,$1.56 ,$1.55 ,$1.59 ,$1.59 
D3,10/18/2021,$3.22 ,$3.28 ,$3.21 ,$3.22 ,$3.28 ,$3.22 
D4,10/15/2021,$1.55 ,$1.59 ,$1.54 ,$1.55 ,$1.59 ,$1.54 
D6,10/15/2021,$1.28 ,$1.29 ,$1.30 ,$1.28 ,$1.29 ,$1.30 
D3,10/15/2021,$3.18 ,$3.23 ,$3.19 ,$3.18 ,$3.23 ,$3.19 
D5,10/15/2021,$1.54 ,$1.58 ,$1.53 ,$1.54 ,$1.58 ,$1.53 
D3,10/14/2021,$3.18 ,$3.23 ,$3.18 ,$3.18 ,$3.23 ,$3.18 
D6,10/14/2021,$1.27 ,$1.29 ,$1.29 ,$1.27 ,$1.29 ,$1.29 
D5,10/14/2021,$1.53 ,$1.57 ,$1.51 ,$1.53 ,$1.57 ,$1.51 
D4,10/14/2021,$1.54 ,$1.58 ,$1.53 ,$1.54 ,$1.58 ,$1.53 
D3,10/13/2021,$3.15 ,$3.21 ,$3.13 ,$3.15 ,$3.21 ,$3.15 
D6,10/13/2021,$1.25 ,$1.27 ,$1.26 ,$1.25 ,$1.27 ,$1.27 
D5,10/13/2021,$1.50 ,$1.54 ,$1.50 ,$1.50 ,$1.54 ,$1.50 
D4,10/13/2021,$1.51 ,$1.55 ,$1.49 ,$1.51 ,$1.55 ,$1.51 
D5,10/12/2021,$1.48 ,$1.51 ,$1.46 ,$1.48 ,$1.51 ,$1.46 
D6,10/12/2021,$1.22 ,$1.24 ,$1.24 ,$1.22 ,$1.24 ,$1.24 
D4,10/12/2021,$1.49 ,$1.52 ,$1.47 ,$1.49 ,$1.52 ,$1.47 
D3,10/12/2021,$3.12 ,$3.18 ,$3.13 ,$3.12 ,$3.18 ,$3.13 
D6,10/11/2021,$1.22 ,$1.23 ,$1.23 ,$1.22 ,$1.23 ,$1.23 
D5,10/11/2021,$1.46 ,$1.51 ,$1.46 ,$1.46 ,$1.51 ,$1.46 
D4,10/11/2021,$1.47 ,$1.52 ,$1.46 ,$1.47 ,$1.52 ,$1.47 
D3,10/11/2021,$3.06 ,$3.13 ,$3.08 ,$3.06 ,$3.13 ,$3.08 
D5,10/7/2021,$1.42 ,$1.43 ,$1.43 ,$1.42 ,$1.55 ,$1.43 
D4,10/7/2021,$1.44 ,$1.45 ,$1.46 ,$1.44 ,$1.45 ,$1.45 
D3,10/7/2021,$3.02 ,$3.04 ,$3.06 ,$3.02 ,$3.04 ,$3.06 
D6,10/7/2021,$1.20 ,$1.21 ,$1.23 ,$1.20 ,$1.21 ,$1.21 
D3,10/5/2021,$3.02 ,$3.06 ,$3.04 ,$3.02 ,$3.06 ,$3.04 
D4,10/5/2021,$1.52 ,$1.56 ,$1.52 ,$1.52 ,$1.56 ,$1.53 
D5,10/5/2021,$1.51 ,$1.55 ,$1.53 ,$1.51 ,$1.55 ,$1.53 
D6,10/5/2021,$1.26 ,$1.30 ,$1.30 ,$1.26 ,$1.30 ,$1.30 
D6,10/4/2021,$1.26 ,$1.28 ,$1.31 ,$1.26 ,$1.28 ,$1.30 
D4,10/4/2021,$1.52 ,$1.55 ,$1.53 ,$1.52 ,$1.55 ,$1.53 
D3,10/4/2021,$3.00 ,$3.04 ,$3.03 ,$3.00 ,$3.04 ,$3.03 
D5,10/4/2021,$1.51 ,$1.54 ,$1.52 ,$1.51 ,$1.54 ,$1.52 
D4,10/1/2021,$1.48 ,$1.50 ,$1.50 ,$1.48 ,$1.50 ,$1.48 
D3,10/1/2021,$2.99 ,$3.04 ,$3.02 ,$2.99 ,$3.04 ,$3.02 
D5,10/1/2021,$1.47 ,$1.49 ,$1.47 ,$1.47 ,$1.49 ,$1.47 
D6,10/1/2021,$1.21 ,$1.22 ,$1.23 ,$1.21 ,$1.22 ,$1.25 
D6,9/30/2021,$1.11 ,$1.13 ,$1.14 ,$1.11 ,$1.13 ,$1.15 
D5,9/30/2021,$1.41 ,$1.42 ,$1.42 ,$1.41 ,$1.42 ,$1.42 
D4,9/30/2021,$1.42 ,$1.45 ,$1.41 ,$1.42 ,$1.45 ,$1.43 
D3,9/30/2021,$3.00 ,$3.03 ,$3.01 ,$3.00 ,$3.03 ,$3.01 
D6,9/29/2021,$0.95 ,$1.00 ,$1.00 ,$0.95 ,$1.00 ,$0.03 
D5,9/29/2021,$1.32 ,$1.35 ,$1.34 ,$1.32 ,$1.35 ,$1.34 
D4,9/29/2021,$1.33 ,$1.36 ,$1.34 ,$1.33 ,$1.36 ,$1.36 
D3,9/29/2021,$2.95 ,$2.98 ,$2.98 ,$2.95 ,$2.98 ,$2.98 
D3,9/28/2021,$2.91 ,$2.95 ,$2.93 ,$2.91 ,$2.95 ,$2.93 
D6,9/28/2021,$0.93 ,$0.94 ,$0.96 ,$0.93 ,$0.94 ,$0.96 
D5,9/28/2021,$1.30 ,$1.32 ,$1.30 ,$1.30 ,$1.32 ,$1.30 
D4,9/28/2021,$1.31 ,$1.33 ,$1.30 ,$1.31 ,$1.33 ,$1.30 
D5,9/27/2021,$1.25 ,$1.28 ,$1.26 ,$1.25 ,$1.28 ,$1.26 
D6,9/27/2021,$0.89 ,$0.90 ,$0.91 ,$0.89 ,$0.91 ,$0.92 
D4,9/27/2021,$1.26 ,$1.29 ,$1.27 ,$1.26 ,$1.29 ,$1.27 
D3,9/27/2021,$2.92 ,$2.95 ,$2.94 ,$2.92 ,$2.95 ,$2.94 
D6,9/23/2021,$0.94 ,$0.95 ,$0.91 ,$0.94 ,$0.95 ,$0.95 
D3,9/23/2021,$2.92 ,$2.99 ,$2.96 ,$2.92 ,$2.98 ,$2.96 
D4,9/23/2021,$1.28 ,$1.33 ,$1.30 ,$1.28 ,$1.33 ,$1.30 
D5,9/23/2021,$1.27 ,$1.32 ,$1.29 ,$1.27 ,$1.32 ,$1.29 
D5,9/22/2021,$1.30 ,$1.34 ,$1.29 ,$1.30 ,$1.34 ,$1.29 
D3,9/22/2021,$2.97 ,$2.92 ,$2.90 ,$2.87 ,$2.92 ,$2.90 
D4,9/22/2021,$1.31 ,$1.35 ,$1.28 ,$1.31 ,$1.35 ,$1.30 
D6,9/22/2021,$0.95 ,$0.97 ,$0.98 ,$0.95 ,$0.97 ,$0.96 
D4,9/21/2021,$1.41 ,$1.45 ,$1.38 ,$1.41 ,$1.45 ,$1.35 
D5,9/21/2021,$1.40 ,$1.44 ,$1.34 ,$1.40 ,$1.44 ,$1.34 
D6,9/21/2021,$1.06 ,$1.09 ,$1.08 ,$1.06 ,$1.08 ,$1.07 
D3,9/21/2021,$2.98 ,$3.03 ,$3.00 ,$2.98 ,$3.03 ,$3.00 
D6,9/20/2021,$1.08 ,$1.09 ,$1.10 ,$1.08 ,$1.09 ,$1.09 
D3,9/20/2021,$3.03 ,$3.03 ,$3.00 ,$2.98 ,$3.03 ,$3.00 
D4,9/20/2021,$1.43 ,$1.47 ,$1.37 ,$1.43 ,$1.47 ,$1.38 
D5,9/20/2021,$1.42 ,$1.46 ,$1.38 ,$1.42 ,$1.46 ,$1.28 
